split,variant,mechanism,bin_lower,bin_upper,n,positives,mean_probability,observed_fraction
test,full,dram_electrical,0.0,0.2,117,0,0.02437802676678284,0.0
test,full,dram_electrical,0.2,0.4,3,1,0.2519942012002487,0.3333333333333333
test,full,dram_electrical,0.4,0.6000000000000001,2,2,0.5780569260638344,1.0
test,full,dram_electrical,0.6000000000000001,0.8,5,5,0.7031946517167225,1.0
test,full,dram_electrical,0.8,1.0,10,10,0.8923972756359058,1.0
test,full,tsv_open_short,0.0,0.2,98,0,0.020245636098090547,0.0
test,full,tsv_open_short,0.2,0.4,11,6,0.286776515052735,0.5454545454545454
test,full,tsv_open_short,0.4,0.6000000000000001,24,8,0.47893022252631856,0.3333333333333333
test,full,tsv_open_short,0.6000000000000001,0.8,4,4,0.6893989498381954,1.0
test,full,tsv_open_short,0.8,1.0,0,0,,
test,full,microbump_open_bridge,0.0,0.2,97,0,0.014582789751405473,0.0
test,full,microbump_open_bridge,0.2,0.4,8,4,0.3368636223160322,0.5
test,full,microbump_open_bridge,0.4,0.6000000000000001,20,14,0.5030023945758548,0.7
test,full,microbump_open_bridge,0.6000000000000001,0.8,11,5,0.6913822661807152,0.45454545454545453
test,full,microbump_open_bridge,0.8,1.0,1,1,0.8010039208381776,1.0
test,full,die_crack,0.0,0.2,136,6,0.03791573016446693,0.04411764705882353
test,full,die_crack,0.2,0.4,1,0,0.22849294617716606,0.0
test,full,die_crack,0.4,0.6000000000000001,0,0,,
test,full,die_crack,0.6000000000000001,0.8,0,0,,
test,full,die_crack,0.8,1.0,0,0,,
test,full,warpage,0.0,0.2,65,3,0.040574605400035664,0.046153846153846156
test,full,warpage,0.2,0.4,27,9,0.3187335209994518,0.3333333333333333
test,full,warpage,0.4,0.6000000000000001,32,14,0.5088054407066659,0.4375
test,full,warpage,0.6000000000000001,0.8,12,8,0.6735415753295989,0.6666666666666666
test,full,warpage,0.8,1.0,1,1,0.852089065636027,1.0
test,full,underfill_void,0.0,0.2,69,2,0.03675155281046353,0.028985507246376812
test,full,underfill_void,0.2,0.4,47,17,0.29419849919132335,0.3617021276595745
test,full,underfill_void,0.4,0.6000000000000001,19,5,0.48319245317733367,0.2631578947368421
test,full,underfill_void,0.6000000000000001,0.8,2,0,0.6445280013755571,0.0
test,full,underfill_void,0.8,1.0,0,0,,
test,full,delamination,0.0,0.2,115,9,0.0626311718414861,0.0782608695652174
test,full,delamination,0.2,0.4,22,5,0.2662795766758307,0.22727272727272727
test,full,delamination,0.4,0.6000000000000001,0,0,,
test,full,delamination,0.6000000000000001,0.8,0,0,,
test,full,delamination,0.8,1.0,0,0,,
test,inspection,dram_electrical,0.0,0.2,119,0,0.007758085794236878,0.0
test,inspection,dram_electrical,0.2,0.4,0,0,,
test,inspection,dram_electrical,0.4,0.6000000000000001,0,0,,
test,inspection,dram_electrical,0.6000000000000001,0.8,1,1,0.7048650045975468,1.0
test,inspection,dram_electrical,0.8,1.0,17,17,0.9597383447341414,1.0
test,inspection,tsv_open_short,0.0,0.2,96,0,0.004253889509996071,0.0
test,inspection,tsv_open_short,0.2,0.4,13,4,0.3291147141183877,0.3076923076923077
test,inspection,tsv_open_short,0.4,0.6000000000000001,23,10,0.4894950669052511,0.43478260869565216
test,inspection,tsv_open_short,0.6000000000000001,0.8,5,4,0.6983794822958103,0.8
test,inspection,tsv_open_short,0.8,1.0,0,0,,
test,inspection,microbump_open_bridge,0.0,0.2,95,0,0.0021655874300311904,0.0
test,inspection,microbump_open_bridge,0.2,0.4,4,1,0.27628723965531976,0.25
test,inspection,microbump_open_bridge,0.4,0.6000000000000001,23,13,0.5080599805099772,0.5652173913043478
test,inspection,microbump_open_bridge,0.6000000000000001,0.8,15,10,0.6509597846073591,0.6666666666666666
test,inspection,microbump_open_bridge,0.8,1.0,0,0,,
test,inspection,die_crack,0.0,0.2,137,6,0.04164652157905389,0.043795620437956206
test,inspection,die_crack,0.2,0.4,0,0,,
test,inspection,die_crack,0.4,0.6000000000000001,0,0,,
test,inspection,die_crack,0.6000000000000001,0.8,0,0,,
test,inspection,die_crack,0.8,1.0,0,0,,
test,inspection,warpage,0.0,0.2,62,2,0.015212369507507463,0.03225806451612903
test,inspection,warpage,0.2,0.4,26,7,0.3023266264749461,0.2692307692307692
test,inspection,warpage,0.4,0.6000000000000001,33,16,0.5002980122169721,0.48484848484848486
test,inspection,warpage,0.6000000000000001,0.8,15,9,0.6681943351663403,0.6
test,inspection,warpage,0.8,1.0,1,1,0.8033057606829489,1.0
test,inspection,underfill_void,0.0,0.2,70,3,0.028535826589009706,0.04285714285714286
test,inspection,underfill_void,0.2,0.4,43,13,0.29601112949791114,0.3023255813953488
test,inspection,underfill_void,0.4,0.6000000000000001,22,8,0.4820699882575758,0.36363636363636365
test,inspection,underfill_void,0.6000000000000001,0.8,2,0,0.6558142853431972,0.0
test,inspection,underfill_void,0.8,1.0,0,0,,
test,inspection,delamination,0.0,0.2,128,14,0.07946309881024205,0.109375
test,inspection,delamination,0.2,0.4,9,0,0.23147913219264826,0.0
test,inspection,delamination,0.4,0.6000000000000001,0,0,,
test,inspection,delamination,0.6000000000000001,0.8,0,0,,
test,inspection,delamination,0.8,1.0,0,0,,
test,manufacturing,dram_electrical,0.0,0.2,134,17,0.0868476142225656,0.12686567164179105
test,manufacturing,dram_electrical,0.2,0.4,3,1,0.22103419744911154,0.3333333333333333
test,manufacturing,dram_electrical,0.4,0.6000000000000001,0,0,,
test,manufacturing,dram_electrical,0.6000000000000001,0.8,0,0,,
test,manufacturing,dram_electrical,0.8,1.0,0,0,,
test,manufacturing,tsv_open_short,0.0,0.2,114,14,0.09615260844753463,0.12280701754385964
test,manufacturing,tsv_open_short,0.2,0.4,22,4,0.2404746250638971,0.18181818181818182
test,manufacturing,tsv_open_short,0.4,0.6000000000000001,1,0,0.4209550847766502,0.0
test,manufacturing,tsv_open_short,0.6000000000000001,0.8,0,0,,
test,manufacturing,tsv_open_short,0.8,1.0,0,0,,
test,manufacturing,microbump_open_bridge,0.0,0.2,125,21,0.10968710574954763,0.168
test,manufacturing,microbump_open_bridge,0.2,0.4,12,3,0.2266538330861938,0.25
test,manufacturing,microbump_open_bridge,0.4,0.6000000000000001,0,0,,
test,manufacturing,microbump_open_bridge,0.6000000000000001,0.8,0,0,,
test,manufacturing,microbump_open_bridge,0.8,1.0,0,0,,
test,manufacturing,die_crack,0.0,0.2,136,6,0.045306924320504496,0.04411764705882353
test,manufacturing,die_crack,0.2,0.4,1,0,0.23499645989832801,0.0
test,manufacturing,die_crack,0.4,0.6000000000000001,0,0,,
test,manufacturing,die_crack,0.6000000000000001,0.8,0,0,,
test,manufacturing,die_crack,0.8,1.0,0,0,,
test,manufacturing,warpage,0.0,0.2,26,3,0.1458883475148816,0.11538461538461539
test,manufacturing,warpage,0.2,0.4,80,21,0.29642279137641464,0.2625
test,manufacturing,warpage,0.4,0.6000000000000001,24,8,0.4620670419014104,0.3333333333333333
test,manufacturing,warpage,0.6000000000000001,0.8,6,2,0.637917545975981,0.3333333333333333
test,manufacturing,warpage,0.8,1.0,1,1,0.8183896603296996,1.0
test,manufacturing,underfill_void,0.0,0.2,66,12,0.14802247185744016,0.18181818181818182
test,manufacturing,underfill_void,0.2,0.4,64,12,0.27255743991133585,0.1875
test,manufacturing,underfill_void,0.4,0.6000000000000001,7,0,0.4271301390446122,0.0
test,manufacturing,underfill_void,0.6000000000000001,0.8,0,0,,
test,manufacturing,underfill_void,0.8,1.0,0,0,,
test,manufacturing,delamination,0.0,0.2,126,12,0.09843405144913434,0.09523809523809523
test,manufacturing,delamination,0.2,0.4,10,2,0.2472091723009567,0.2
test,manufacturing,delamination,0.4,0.6000000000000001,1,0,0.45688056203736854,0.0
test,manufacturing,delamination,0.6000000000000001,0.8,0,0,,
test,manufacturing,delamination,0.8,1.0,0,0,,
test,prevalence,dram_electrical,0.0,0.2,137,18,0.08728943338437979,0.13138686131386862
test,prevalence,dram_electrical,0.2,0.4,0,0,,
test,prevalence,dram_electrical,0.4,0.6000000000000001,0,0,,
test,prevalence,dram_electrical,0.6000000000000001,0.8,0,0,,
test,prevalence,dram_electrical,0.8,1.0,0,0,,
test,prevalence,tsv_open_short,0.0,0.2,137,18,0.11638591117917305,0.13138686131386862
test,prevalence,tsv_open_short,0.2,0.4,0,0,,
test,prevalence,tsv_open_short,0.4,0.6000000000000001,0,0,,
test,prevalence,tsv_open_short,0.6000000000000001,0.8,0,0,,
test,prevalence,tsv_open_short,0.8,1.0,0,0,,
test,prevalence,microbump_open_bridge,0.0,0.2,137,24,0.14395099540581932,0.17518248175182483
test,prevalence,microbump_open_bridge,0.2,0.4,0,0,,
test,prevalence,microbump_open_bridge,0.4,0.6000000000000001,0,0,,
test,prevalence,microbump_open_bridge,0.6000000000000001,0.8,0,0,,
test,prevalence,microbump_open_bridge,0.8,1.0,0,0,,
test,prevalence,die_crack,0.0,0.2,137,6,0.055130168453292494,0.043795620437956206
test,prevalence,die_crack,0.2,0.4,0,0,,
test,prevalence,die_crack,0.4,0.6000000000000001,0,0,,
test,prevalence,die_crack,0.6000000000000001,0.8,0,0,,
test,prevalence,die_crack,0.8,1.0,0,0,,
test,prevalence,warpage,0.0,0.2,0,0,,
test,prevalence,warpage,0.2,0.4,137,35,0.28177641653905056,0.25547445255474455
test,prevalence,warpage,0.4,0.6000000000000001,0,0,,
test,prevalence,warpage,0.6000000000000001,0.8,0,0,,
test,prevalence,warpage,0.8,1.0,0,0,,
test,prevalence,underfill_void,0.0,0.2,0,0,,
test,prevalence,underfill_void,0.2,0.4,137,24,0.2388973966309342,0.17518248175182483
test,prevalence,underfill_void,0.4,0.6000000000000001,0,0,,
test,prevalence,underfill_void,0.6000000000000001,0.8,0,0,,
test,prevalence,underfill_void,0.8,1.0,0,0,,
test,prevalence,delamination,0.0,0.2,137,14,0.10413476263399693,0.10218978102189781
test,prevalence,delamination,0.2,0.4,0,0,,
test,prevalence,delamination,0.4,0.6000000000000001,0,0,,
test,prevalence,delamination,0.6000000000000001,0.8,0,0,,
test,prevalence,delamination,0.8,1.0,0,0,,
train,full,dram_electrical,0.0,0.2,596,1,0.01952853325491195,0.0016778523489932886
train,full,dram_electrical,0.2,0.4,2,1,0.26445141507189285,0.5
train,full,dram_electrical,0.4,0.6000000000000001,4,4,0.5561434649287483,1.0
train,full,dram_electrical,0.6000000000000001,0.8,15,15,0.7084700237201335,1.0
train,full,dram_electrical,0.8,1.0,36,36,0.8883454867652671,1.0
train,full,tsv_open_short,0.0,0.2,497,1,0.013781047948508254,0.002012072434607646
train,full,tsv_open_short,0.2,0.4,65,16,0.3087648662289113,0.24615384615384617
train,full,tsv_open_short,0.4,0.6000000000000001,65,38,0.4822309462029731,0.5846153846153846
train,full,tsv_open_short,0.6000000000000001,0.8,26,21,0.6821551539132142,0.8076923076923077
train,full,tsv_open_short,0.8,1.0,0,0,,
train,full,microbump_open_bridge,0.0,0.2,485,1,0.01161482609532445,0.002061855670103093
train,full,microbump_open_bridge,0.2,0.4,37,12,0.3118253256479273,0.32432432432432434
train,full,microbump_open_bridge,0.4,0.6000000000000001,72,32,0.4868342307784638,0.4444444444444444
train,full,microbump_open_bridge,0.6000000000000001,0.8,54,44,0.6938569303825227,0.8148148148148148
train,full,microbump_open_bridge,0.8,1.0,5,5,0.8617886892975403,1.0
train,full,die_crack,0.0,0.2,639,29,0.05047053587898867,0.04538341158059468
train,full,die_crack,0.2,0.4,13,6,0.25508771325789803,0.46153846153846156
train,full,die_crack,0.4,0.6000000000000001,1,1,0.4332090039990265,1.0
train,full,die_crack,0.6000000000000001,0.8,0,0,,
train,full,die_crack,0.8,1.0,0,0,,
train,full,warpage,0.0,0.2,254,5,0.03889985286199478,0.01968503937007874
train,full,warpage,0.2,0.4,168,50,0.30589634400153365,0.2976190476190476
train,full,warpage,0.4,0.6000000000000001,180,93,0.4851904237889241,0.5166666666666667
train,full,warpage,0.6000000000000001,0.8,45,30,0.6753631150757421,0.6666666666666666
train,full,warpage,0.8,1.0,6,6,0.8338741314235731,1.0
train,full,underfill_void,0.0,0.2,284,12,0.049717004040112804,0.04225352112676056
train,full,underfill_void,0.2,0.4,225,58,0.3001224504561881,0.2577777777777778
train,full,underfill_void,0.4,0.6000000000000001,122,68,0.4824106053544285,0.5573770491803278
train,full,underfill_void,0.6000000000000001,0.8,21,17,0.6913497945879425,0.8095238095238095
train,full,underfill_void,0.8,1.0,1,1,0.9803404860199862,1.0
train,full,delamination,0.0,0.2,557,38,0.07603268959611233,0.06822262118491922
train,full,delamination,0.2,0.4,91,27,0.2582429884207557,0.2967032967032967
train,full,delamination,0.4,0.6000000000000001,5,3,0.4299327953188481,0.6
train,full,delamination,0.6000000000000001,0.8,0,0,,
train,full,delamination,0.8,1.0,0,0,,
train,inspection,dram_electrical,0.0,0.2,596,0,0.005195422703503187,0.0
train,inspection,dram_electrical,0.2,0.4,1,1,0.28129541642484823,1.0
train,inspection,dram_electrical,0.4,0.6000000000000001,0,0,,
train,inspection,dram_electrical,0.6000000000000001,0.8,2,2,0.7453095360979971,1.0
train,inspection,dram_electrical,0.8,1.0,54,54,0.9654002640550051,1.0
train,inspection,tsv_open_short,0.0,0.2,488,0,0.003610779659507729,0.0
train,inspection,tsv_open_short,0.2,0.4,65,21,0.3392224752888096,0.3230769230769231
train,inspection,tsv_open_short,0.4,0.6000000000000001,83,45,0.49050979080564083,0.5421686746987951
train,inspection,tsv_open_short,0.6000000000000001,0.8,16,9,0.6627978043844551,0.5625
train,inspection,tsv_open_short,0.8,1.0,1,1,0.8714010313870595,1.0
train,inspection,microbump_open_bridge,0.0,0.2,483,0,0.001986306600812881,0.0
train,inspection,microbump_open_bridge,0.2,0.4,20,8,0.338012630378698,0.4
train,inspection,microbump_open_bridge,0.4,0.6000000000000001,84,36,0.5086576050401426,0.42857142857142855
train,inspection,microbump_open_bridge,0.6000000000000001,0.8,64,48,0.6549819918279416,0.75
train,inspection,microbump_open_bridge,0.8,1.0,2,2,0.8171453056596103,1.0
train,inspection,die_crack,0.0,0.2,644,33,0.05235806864888363,0.05124223602484472
train,inspection,die_crack,0.2,0.4,9,3,0.2534938847842075,0.3333333333333333
train,inspection,die_crack,0.4,0.6000000000000001,0,0,,
train,inspection,die_crack,0.6000000000000001,0.8,0,0,,
train,inspection,die_crack,0.8,1.0,0,0,,
train,inspection,warpage,0.0,0.2,245,4,0.0224689547744338,0.0163265306122449
train,inspection,warpage,0.2,0.4,175,58,0.3086677981780463,0.3314285714285714
train,inspection,warpage,0.4,0.6000000000000001,182,84,0.49266530391452096,0.46153846153846156
train,inspection,warpage,0.6000000000000001,0.8,49,37,0.6759127016633698,0.7551020408163265
train,inspection,warpage,0.8,1.0,2,1,0.8467347182502869,0.5
train,inspection,underfill_void,0.0,0.2,255,8,0.028902266952043062,0.03137254901960784
train,inspection,underfill_void,0.2,0.4,248,71,0.29707110562796984,0.2862903225806452
train,inspection,underfill_void,0.4,0.6000000000000001,128,59,0.47047859926937935,0.4609375
train,inspection,underfill_void,0.6000000000000001,0.8,20,16,0.6459941680923672,0.8
train,inspection,underfill_void,0.8,1.0,2,2,0.9075773508767255,1.0
train,inspection,delamination,0.0,0.2,603,59,0.09446836843204837,0.0978441127694859
train,inspection,delamination,0.2,0.4,50,9,0.22071165208893992,0.18
train,inspection,delamination,0.4,0.6000000000000001,0,0,,
train,inspection,delamination,0.6000000000000001,0.8,0,0,,
train,inspection,delamination,0.8,1.0,0,0,,
train,manufacturing,dram_electrical,0.0,0.2,636,53,0.08361710107295212,0.08333333333333333
train,manufacturing,dram_electrical,0.2,0.4,17,4,0.2246784487717537,0.23529411764705882
train,manufacturing,dram_electrical,0.4,0.6000000000000001,0,0,,
train,manufacturing,dram_electrical,0.6000000000000001,0.8,0,0,,
train,manufacturing,dram_electrical,0.8,1.0,0,0,,
train,manufacturing,tsv_open_short,0.0,0.2,569,51,0.09466688080938007,0.08963093145869948
train,manufacturing,tsv_open_short,0.2,0.4,80,24,0.2542015659232395,0.3
train,manufacturing,tsv_open_short,0.4,0.6000000000000001,4,1,0.44960215656858693,0.25
train,manufacturing,tsv_open_short,0.6000000000000001,0.8,0,0,,
train,manufacturing,tsv_open_short,0.8,1.0,0,0,,
train,manufacturing,microbump_open_bridge,0.0,0.2,537,68,0.12309788556885924,0.1266294227188082
train,manufacturing,microbump_open_bridge,0.2,0.4,116,26,0.24048618262140112,0.22413793103448276
train,manufacturing,microbump_open_bridge,0.4,0.6000000000000001,0,0,,
train,manufacturing,microbump_open_bridge,0.6000000000000001,0.8,0,0,,
train,manufacturing,microbump_open_bridge,0.8,1.0,0,0,,
train,manufacturing,die_crack,0.0,0.2,647,32,0.05346123146061843,0.04945904173106646
train,manufacturing,die_crack,0.2,0.4,6,4,0.235095980910665,0.6666666666666666
train,manufacturing,die_crack,0.4,0.6000000000000001,0,0,,
train,manufacturing,die_crack,0.6000000000000001,0.8,0,0,,
train,manufacturing,die_crack,0.8,1.0,0,0,,
train,manufacturing,warpage,0.0,0.2,192,23,0.1447300407409534,0.11979166666666667
train,manufacturing,warpage,0.2,0.4,350,101,0.28681875466289347,0.2885714285714286
train,manufacturing,warpage,0.4,0.6000000000000001,91,46,0.4689217365876421,0.5054945054945055
train,manufacturing,warpage,0.6000000000000001,0.8,20,14,0.6576701732467028,0.7
train,manufacturing,warpage,0.8,1.0,0,0,,
train,manufacturing,underfill_void,0.0,0.2,259,31,0.14983598427301065,0.11969111969111969
train,manufacturing,underfill_void,0.2,0.4,358,103,0.2765878750834602,0.2877094972067039
train,manufacturing,underfill_void,0.4,0.6000000000000001,32,18,0.47693757079431753,0.5625
train,manufacturing,underfill_void,0.6000000000000001,0.8,3,3,0.6443214325722922,1.0
train,manufacturing,underfill_void,0.8,1.0,1,1,0.9790523577648308,1.0
train,manufacturing,delamination,0.0,0.2,610,53,0.09403449701612845,0.08688524590163935
train,manufacturing,delamination,0.2,0.4,43,15,0.24741706250219644,0.3488372093023256
train,manufacturing,delamination,0.4,0.6000000000000001,0,0,,
train,manufacturing,delamination,0.6000000000000001,0.8,0,0,,
train,manufacturing,delamination,0.8,1.0,0,0,,
train,prevalence,dram_electrical,0.0,0.2,653,57,0.08728943338437979,0.08728943338437979
train,prevalence,dram_electrical,0.2,0.4,0,0,,
train,prevalence,dram_electrical,0.4,0.6000000000000001,0,0,,
train,prevalence,dram_electrical,0.6000000000000001,0.8,0,0,,
train,prevalence,dram_electrical,0.8,1.0,0,0,,
train,prevalence,tsv_open_short,0.0,0.2,653,76,0.11638591117917305,0.11638591117917305
train,prevalence,tsv_open_short,0.2,0.4,0,0,,
train,prevalence,tsv_open_short,0.4,0.6000000000000001,0,0,,
train,prevalence,tsv_open_short,0.6000000000000001,0.8,0,0,,
train,prevalence,tsv_open_short,0.8,1.0,0,0,,
train,prevalence,microbump_open_bridge,0.0,0.2,653,94,0.14395099540581935,0.1439509954058193
train,prevalence,microbump_open_bridge,0.2,0.4,0,0,,
train,prevalence,microbump_open_bridge,0.4,0.6000000000000001,0,0,,
train,prevalence,microbump_open_bridge,0.6000000000000001,0.8,0,0,,
train,prevalence,microbump_open_bridge,0.8,1.0,0,0,,
train,prevalence,die_crack,0.0,0.2,653,36,0.055130168453292494,0.055130168453292494
train,prevalence,die_crack,0.2,0.4,0,0,,
train,prevalence,die_crack,0.4,0.6000000000000001,0,0,,
train,prevalence,die_crack,0.6000000000000001,0.8,0,0,,
train,prevalence,die_crack,0.8,1.0,0,0,,
train,prevalence,warpage,0.0,0.2,0,0,,
train,prevalence,warpage,0.2,0.4,653,184,0.28177641653905056,0.28177641653905056
train,prevalence,warpage,0.4,0.6000000000000001,0,0,,
train,prevalence,warpage,0.6000000000000001,0.8,0,0,,
train,prevalence,warpage,0.8,1.0,0,0,,
train,prevalence,underfill_void,0.0,0.2,0,0,,
train,prevalence,underfill_void,0.2,0.4,653,156,0.23889739663093415,0.23889739663093415
train,prevalence,underfill_void,0.4,0.6000000000000001,0,0,,
train,prevalence,underfill_void,0.6000000000000001,0.8,0,0,,
train,prevalence,underfill_void,0.8,1.0,0,0,,
train,prevalence,delamination,0.0,0.2,653,68,0.10413476263399694,0.10413476263399694
train,prevalence,delamination,0.2,0.4,0,0,,
train,prevalence,delamination,0.4,0.6000000000000001,0,0,,
train,prevalence,delamination,0.6000000000000001,0.8,0,0,,
train,prevalence,delamination,0.8,1.0,0,0,,
validation,full,dram_electrical,0.0,0.2,104,1,0.025370873171279416,0.009615384615384616
validation,full,dram_electrical,0.2,0.4,2,1,0.3380159215113712,0.5
validation,full,dram_electrical,0.4,0.6000000000000001,2,2,0.5435655635033776,1.0
validation,full,dram_electrical,0.6000000000000001,0.8,6,6,0.6956391139792087,1.0
validation,full,dram_electrical,0.8,1.0,12,12,0.8701024008769521,1.0
validation,full,tsv_open_short,0.0,0.2,95,0,0.020410785924089018,0.0
validation,full,tsv_open_short,0.2,0.4,12,4,0.30677230781960435,0.3333333333333333
validation,full,tsv_open_short,0.4,0.6000000000000001,11,5,0.4926549606916886,0.45454545454545453
validation,full,tsv_open_short,0.6000000000000001,0.8,8,5,0.6615379325118507,0.625
validation,full,tsv_open_short,0.8,1.0,0,0,,
validation,full,microbump_open_bridge,0.0,0.2,93,0,0.015291734611783073,0.0
validation,full,microbump_open_bridge,0.2,0.4,12,7,0.3351263241211981,0.5833333333333334
validation,full,microbump_open_bridge,0.4,0.6000000000000001,12,7,0.509666338037647,0.5833333333333334
validation,full,microbump_open_bridge,0.6000000000000001,0.8,8,4,0.6961392023479753,0.5
validation,full,microbump_open_bridge,0.8,1.0,1,1,0.896041522039941,1.0
validation,full,die_crack,0.0,0.2,125,5,0.03941696551865906,0.04
validation,full,die_crack,0.2,0.4,1,0,0.25306171463938903,0.0
validation,full,die_crack,0.4,0.6000000000000001,0,0,,
validation,full,die_crack,0.6000000000000001,0.8,0,0,,
validation,full,die_crack,0.8,1.0,0,0,,
validation,full,warpage,0.0,0.2,58,0,0.03236332604665833,0.0
validation,full,warpage,0.2,0.4,36,11,0.31773468191617543,0.3055555555555556
validation,full,warpage,0.4,0.6000000000000001,24,12,0.5062137122685183,0.5
validation,full,warpage,0.6000000000000001,0.8,7,5,0.6578018603614775,0.7142857142857143
validation,full,warpage,0.8,1.0,1,0,0.8186397263539767,0.0
validation,full,underfill_void,0.0,0.2,60,3,0.03403549925947935,0.05
validation,full,underfill_void,0.2,0.4,39,13,0.312157155844403,0.3333333333333333
validation,full,underfill_void,0.4,0.6000000000000001,20,6,0.47929224913581453,0.3
validation,full,underfill_void,0.6000000000000001,0.8,6,3,0.6590611449331018,0.5
validation,full,underfill_void,0.8,1.0,1,1,0.923615220905646,1.0
validation,full,delamination,0.0,0.2,108,12,0.06433562167413188,0.1111111111111111
validation,full,delamination,0.2,0.4,16,2,0.2459121837489436,0.125
validation,full,delamination,0.4,0.6000000000000001,2,0,0.41841360835345887,0.0
validation,full,delamination,0.6000000000000001,0.8,0,0,,
validation,full,delamination,0.8,1.0,0,0,,
validation,inspection,dram_electrical,0.0,0.2,104,0,0.005955429674271103,0.0
validation,inspection,dram_electrical,0.2,0.4,1,1,0.21896772219667635,1.0
validation,inspection,dram_electrical,0.4,0.6000000000000001,0,0,,
validation,inspection,dram_electrical,0.6000000000000001,0.8,1,1,0.7633677911098552,1.0
validation,inspection,dram_electrical,0.8,1.0,20,20,0.961149688787556,1.0
validation,inspection,tsv_open_short,0.0,0.2,96,0,0.005664186891885939,0.0
validation,inspection,tsv_open_short,0.2,0.4,8,2,0.3335521728062371,0.25
validation,inspection,tsv_open_short,0.4,0.6000000000000001,13,8,0.5073041278507935,0.6153846153846154
validation,inspection,tsv_open_short,0.6000000000000001,0.8,9,4,0.654976644220525,0.4444444444444444
validation,inspection,tsv_open_short,0.8,1.0,0,0,,
validation,inspection,microbump_open_bridge,0.0,0.2,93,0,0.0029876204922348504,0.0
validation,inspection,microbump_open_bridge,0.2,0.4,8,3,0.3414179527693564,0.375
validation,inspection,microbump_open_bridge,0.4,0.6000000000000001,18,10,0.502179384859297,0.5555555555555556
validation,inspection,microbump_open_bridge,0.6000000000000001,0.8,5,4,0.6944928387414325,0.8
validation,inspection,microbump_open_bridge,0.8,1.0,2,2,0.8729801579722087,1.0
validation,inspection,die_crack,0.0,0.2,126,5,0.04416192566966579,0.03968253968253968
validation,inspection,die_crack,0.2,0.4,0,0,,
validation,inspection,die_crack,0.4,0.6000000000000001,0,0,,
validation,inspection,die_crack,0.6000000000000001,0.8,0,0,,
validation,inspection,die_crack,0.8,1.0,0,0,,
validation,inspection,warpage,0.0,0.2,58,0,0.01709961230389027,0.0
validation,inspection,warpage,0.2,0.4,32,10,0.31885646326326256,0.3125
validation,inspection,warpage,0.4,0.6000000000000001,24,11,0.47434619594456984,0.4583333333333333
validation,inspection,warpage,0.6000000000000001,0.8,12,7,0.6562675666200596,0.5833333333333334
validation,inspection,warpage,0.8,1.0,0,0,,
validation,inspection,underfill_void,0.0,0.2,59,1,0.01992021023556939,0.01694915254237288
validation,inspection,underfill_void,0.2,0.4,40,13,0.2977017488478174,0.325
validation,inspection,underfill_void,0.4,0.6000000000000001,20,6,0.454138859079423,0.3
validation,inspection,underfill_void,0.6000000000000001,0.8,5,4,0.6555355814536231,0.8
validation,inspection,underfill_void,0.8,1.0,2,2,0.8663821593477568,1.0
validation,inspection,delamination,0.0,0.2,119,12,0.08160401589816497,0.10084033613445378
validation,inspection,delamination,0.2,0.4,7,2,0.2125578591397806,0.2857142857142857
validation,inspection,delamination,0.4,0.6000000000000001,0,0,,
validation,inspection,delamination,0.6000000000000001,0.8,0,0,,
validation,inspection,delamination,0.8,1.0,0,0,,
validation,manufacturing,dram_electrical,0.0,0.2,125,22,0.08538954121371273,0.176
validation,manufacturing,dram_electrical,0.2,0.4,1,0,0.25995010463000656,0.0
validation,manufacturing,dram_electrical,0.4,0.6000000000000001,0,0,,
validation,manufacturing,dram_electrical,0.6000000000000001,0.8,0,0,,
validation,manufacturing,dram_electrical,0.8,1.0,0,0,,
validation,manufacturing,tsv_open_short,0.0,0.2,104,9,0.09041520517762007,0.08653846153846154
validation,manufacturing,tsv_open_short,0.2,0.4,22,5,0.246272191396522,0.22727272727272727
validation,manufacturing,tsv_open_short,0.4,0.6000000000000001,0,0,,
validation,manufacturing,tsv_open_short,0.6000000000000001,0.8,0,0,,
validation,manufacturing,tsv_open_short,0.8,1.0,0,0,,
validation,manufacturing,microbump_open_bridge,0.0,0.2,109,19,0.11107726958989277,0.1743119266055046
validation,manufacturing,microbump_open_bridge,0.2,0.4,17,0,0.23071081315249767,0.0
validation,manufacturing,microbump_open_bridge,0.4,0.6000000000000001,0,0,,
validation,manufacturing,microbump_open_bridge,0.6000000000000001,0.8,0,0,,
validation,manufacturing,microbump_open_bridge,0.8,1.0,0,0,,
validation,manufacturing,die_crack,0.0,0.2,126,5,0.04614628327519134,0.03968253968253968
validation,manufacturing,die_crack,0.2,0.4,0,0,,
validation,manufacturing,die_crack,0.4,0.6000000000000001,0,0,,
validation,manufacturing,die_crack,0.6000000000000001,0.8,0,0,,
validation,manufacturing,die_crack,0.8,1.0,0,0,,
validation,manufacturing,warpage,0.0,0.2,36,6,0.14895281131812935,0.16666666666666666
validation,manufacturing,warpage,0.2,0.4,68,14,0.29199217873387856,0.20588235294117646
validation,manufacturing,warpage,0.4,0.6000000000000001,20,8,0.474199614978749,0.4
validation,manufacturing,warpage,0.6000000000000001,0.8,2,0,0.6402021177521262,0.0
validation,manufacturing,warpage,0.8,1.0,0,0,,
validation,manufacturing,underfill_void,0.0,0.2,42,8,0.15244618218107608,0.19047619047619047
validation,manufacturing,underfill_void,0.2,0.4,72,14,0.27819286781501534,0.19444444444444445
validation,manufacturing,underfill_void,0.4,0.6000000000000001,9,2,0.44918659225609964,0.2222222222222222
validation,manufacturing,underfill_void,0.6000000000000001,0.8,1,0,0.6053660190239551,0.0
validation,manufacturing,underfill_void,0.8,1.0,2,2,0.8673206823286861,1.0
validation,manufacturing,delamination,0.0,0.2,114,14,0.09396916800240901,0.12280701754385964
validation,manufacturing,delamination,0.2,0.4,12,0,0.2550058488301686,0.0
validation,manufacturing,delamination,0.4,0.6000000000000001,0,0,,
validation,manufacturing,delamination,0.6000000000000001,0.8,0,0,,
validation,manufacturing,delamination,0.8,1.0,0,0,,
validation,prevalence,dram_electrical,0.0,0.2,126,22,0.08728943338437979,0.1746031746031746
validation,prevalence,dram_electrical,0.2,0.4,0,0,,
validation,prevalence,dram_electrical,0.4,0.6000000000000001,0,0,,
validation,prevalence,dram_electrical,0.6000000000000001,0.8,0,0,,
validation,prevalence,dram_electrical,0.8,1.0,0,0,,
validation,prevalence,tsv_open_short,0.0,0.2,126,14,0.11638591117917299,0.1111111111111111
validation,prevalence,tsv_open_short,0.2,0.4,0,0,,
validation,prevalence,tsv_open_short,0.4,0.6000000000000001,0,0,,
validation,prevalence,tsv_open_short,0.6000000000000001,0.8,0,0,,
validation,prevalence,tsv_open_short,0.8,1.0,0,0,,
validation,prevalence,microbump_open_bridge,0.0,0.2,126,19,0.14395099540581938,0.15079365079365079
validation,prevalence,microbump_open_bridge,0.2,0.4,0,0,,
validation,prevalence,microbump_open_bridge,0.4,0.6000000000000001,0,0,,
validation,prevalence,microbump_open_bridge,0.6000000000000001,0.8,0,0,,
validation,prevalence,microbump_open_bridge,0.8,1.0,0,0,,
validation,prevalence,die_crack,0.0,0.2,126,5,0.055130168453292494,0.03968253968253968
validation,prevalence,die_crack,0.2,0.4,0,0,,
validation,prevalence,die_crack,0.4,0.6000000000000001,0,0,,
validation,prevalence,die_crack,0.6000000000000001,0.8,0,0,,
validation,prevalence,die_crack,0.8,1.0,0,0,,
validation,prevalence,warpage,0.0,0.2,0,0,,
validation,prevalence,warpage,0.2,0.4,126,28,0.28177641653905067,0.2222222222222222
validation,prevalence,warpage,0.4,0.6000000000000001,0,0,,
validation,prevalence,warpage,0.6000000000000001,0.8,0,0,,
validation,prevalence,warpage,0.8,1.0,0,0,,
validation,prevalence,underfill_void,0.0,0.2,0,0,,
validation,prevalence,underfill_void,0.2,0.4,126,26,0.23889739663093418,0.20634920634920634
validation,prevalence,underfill_void,0.4,0.6000000000000001,0,0,,
validation,prevalence,underfill_void,0.6000000000000001,0.8,0,0,,
validation,prevalence,underfill_void,0.8,1.0,0,0,,
validation,prevalence,delamination,0.0,0.2,126,14,0.10413476263399696,0.1111111111111111
validation,prevalence,delamination,0.2,0.4,0,0,,
validation,prevalence,delamination,0.4,0.6000000000000001,0,0,,
validation,prevalence,delamination,0.6000000000000001,0.8,0,0,,
validation,prevalence,delamination,0.8,1.0,0,0,,
