split,variant,mechanism,n_cases,n_total_cases,n_scored_cases,positives,negatives,average_precision,binary_log_loss,brier_score,evidence_role
test,full,dram_electrical,137,137,137,18,119,0.9970760233918129,0.06498935396387506,0.013419368154194148,retrospective
test,full,tsv_open_short,137,137,137,18,119,0.6273310162029405,0.21291912576264843,0.07237049921423351,retrospective
test,full,microbump_open_bridge,137,137,137,24,113,0.6173355618237851,0.2229138235876107,0.07851087247140488,retrospective
test,full,die_crack,137,137,137,6,131,0.10213821281565544,0.16902575604985298,0.04192517116380615,retrospective
test,full,warpage,137,137,137,35,102,0.6211177301502814,0.4033774590875101,0.13956829276232877,retrospective
test,full,underfill_void,137,137,137,24,113,0.28088512955568906,0.3968351386094378,0.13788533127552327,retrospective
test,full,delamination,137,137,137,14,123,0.2322084006975292,0.2845787754430151,0.08620814906023345,retrospective
test,full,macro,137,137,137,139,820,0.49687029637681335,0.2506627760719929,0.08141252630024631,retrospective
test,full,micro,137,137,137,139,820,0.6164319037953818,0.2506627760719929,0.0814125263002463,retrospective
test,inspection,dram_electrical,137,137,137,18,119,1.0,0.014666431996040357,0.0013412318143411768,retrospective
test,inspection,tsv_open_short,137,137,137,18,119,0.5816215272800577,0.19929505930766034,0.06959485848412766,retrospective
test,inspection,microbump_open_bridge,137,137,137,24,113,0.7047714689947518,0.20556676897209694,0.07253697176395787,retrospective
test,inspection,die_crack,137,137,137,6,131,0.11801507671072889,0.14884601337636752,0.04010849641067841,retrospective
test,inspection,warpage,137,137,137,35,102,0.6293345312950026,0.3867427956744511,0.1358680086323631,retrospective
test,inspection,underfill_void,137,137,137,24,113,0.31075452311946233,0.3822195052313804,0.1326103569880415,retrospective
test,inspection,delamination,137,137,137,14,123,0.18382001568793147,0.2814618106833549,0.08655082767985123,retrospective
test,inspection,macro,137,137,137,139,820,0.5040453061554192,0.23125691217733593,0.07694439311048014,retrospective
test,inspection,micro,137,137,137,139,820,0.6553493510352499,0.23125691217733593,0.07694439311048012,retrospective
test,manufacturing,dram_electrical,137,137,137,18,119,0.16133881215884066,0.3979778316667953,0.11561946244128417,retrospective
test,manufacturing,tsv_open_short,137,137,137,18,119,0.17870862988232625,0.3990101481348593,0.11625163316977107,retrospective
test,manufacturing,microbump_open_bridge,137,137,137,24,113,0.2449424269944533,0.46410266506911835,0.14444717372057927,retrospective
test,manufacturing,die_crack,137,137,137,6,131,0.04301330860982891,0.1961135992690102,0.043763977084443045,retrospective
test,manufacturing,warpage,137,137,137,35,102,0.38374286035516225,0.5681183474298527,0.1905605479771298,retrospective
test,manufacturing,underfill_void,137,137,137,24,113,0.17714312572365207,0.4851236367517711,0.15492764711256699,retrospective
test,manufacturing,delamination,137,137,137,14,123,0.13173236545851086,0.34419562522893143,0.0954063500446377,retrospective
test,manufacturing,macro,137,137,137,139,820,0.188660218454682,0.40780597907861976,0.12299668450720172,retrospective
test,manufacturing,micro,137,137,137,139,820,0.236662025805761,0.40780597907861976,0.1229966845072017,retrospective
test,prevalence,dram_electrical,137,137,137,18,119,0.13138686131386862,0.399726310285201,0.11606893713795535,retrospective
test,prevalence,tsv_open_short,137,137,137,18,119,0.13138686131386862,0.39007034212593605,0.1143493824929025,retrospective
test,prevalence,microbump_open_bridge,137,137,137,24,113,0.17518248175182483,0.46775256547346544,0.14546898557847707,retrospective
test,prevalence,die_crack,137,137,137,6,131,0.043795620437956206,0.18114679524473432,0.042006036047122636,retrospective
test,prevalence,warpage,137,137,137,35,102,0.25547445255474455,0.5700133781973437,0.19089904995602983,retrospective
test,prevalence,underfill_void,137,137,137,24,113,0.17518248175182483,0.4759770042917015,0.14855317021714853,retrospective
test,prevalence,delamination,137,137,137,14,123,0.10218978102189781,0.3298883330575708,0.09175081263006579,retrospective
test,prevalence,macro,137,137,137,139,820,0.14494264859228365,0.4020821040965647,0.1212994820085288,retrospective
test,prevalence,micro,137,137,137,139,820,0.20436080749581775,0.4020821040965647,0.12129948200852882,retrospective
train,full,dram_electrical,653,653,653,57,596,0.9991228070175442,0.041094954437308706,0.006886464913104999,in_sample
train,full,tsv_open_short,653,653,653,76,577,0.7419577997130818,0.15888175545046263,0.051768119107034334,in_sample
train,full,microbump_open_bridge,653,653,653,94,559,0.8020138315568762,0.1631472625803584,0.05337326194747655,in_sample
train,full,die_crack,653,653,653,36,617,0.3495756440914782,0.1657893694477846,0.04518271296799574,in_sample
train,full,warpage,653,653,653,184,469,0.637283062584819,0.41560532698916314,0.14205649430633144,in_sample
train,full,underfill_void,653,653,653,156,497,0.6188271472273045,0.39725267380248125,0.13261960247605606,in_sample
train,full,delamination,653,653,653,68,585,0.34733189819870985,0.2691972082991871,0.08084248957663376,in_sample
train,full,macro,653,653,653,671,3900,0.642301741484259,0.23013836442953514,0.07324702075637612,in_sample
train,full,micro,653,653,653,671,3900,0.6971881456538718,0.23013836442953514,0.07324702075637612,in_sample
train,inspection,dram_electrical,653,653,653,57,596,1.0000000000000002,0.010649860825844439,0.0013668065476566355,in_sample
train,inspection,tsv_open_short,653,653,653,76,577,0.5898637822390815,0.16844261125011586,0.058801340985855266,in_sample
train,inspection,microbump_open_bridge,653,653,653,94,559,0.741941498796886,0.17003654335354218,0.05929403856433021,in_sample
train,inspection,die_crack,653,653,653,36,617,0.18254862798357188,0.17724039007698933,0.04854244448900834,in_sample
train,inspection,warpage,653,653,653,184,469,0.6190307345938595,0.42139104448397763,0.14666575321484715,in_sample
train,inspection,underfill_void,653,653,653,156,497,0.5588520147741509,0.40701456852197043,0.1396645968912156,in_sample
train,inspection,delamination,653,653,653,68,585,0.1922554620343383,0.28612157629683677,0.08702223498810926,in_sample
train,inspection,macro,653,653,653,671,3900,0.5549274457745554,0.2344137992584681,0.07733674509728893,in_sample
train,inspection,micro,653,653,653,671,3900,0.6576283131667351,0.23441379925846806,0.07733674509728893,in_sample
train,manufacturing,dram_electrical,653,653,653,57,596,0.2102257427940146,0.2769966239746962,0.07613486944535862,in_sample
train,manufacturing,tsv_open_short,653,653,653,76,577,0.26240879065802103,0.32272129616639594,0.09523978455560259,in_sample
train,manufacturing,microbump_open_bridge,653,653,653,94,559,0.2505611422277525,0.3927046903767751,0.11826488749231825,in_sample
train,manufacturing,die_crack,653,653,653,36,617,0.2733240111529257,0.18876556282615212,0.048438098717226895,in_sample
train,manufacturing,warpage,653,653,653,184,469,0.48857415020544454,0.5418449904874377,0.1810466159392071,in_sample
train,manufacturing,underfill_void,653,653,653,156,497,0.4343988878723051,0.5095984345785188,0.16636058397738265,in_sample
train,manufacturing,delamination,653,653,653,68,585,0.26142327405993304,0.3072310907788732,0.08717157872641036,in_sample
train,manufacturing,macro,653,653,653,671,3900,0.3115594284243423,0.36283752702697847,0.11037948840764376,in_sample
train,manufacturing,micro,653,653,653,671,3900,0.3649977725603943,0.3628375270269784,0.11037948840764378,in_sample
train,prevalence,dram_electrical,653,653,653,57,596,0.08728943338437979,0.2962212949157606,0.07966998820381373,in_sample
train,prevalence,tsv_open_short,653,653,653,76,577,0.11638591117917305,0.35966178220608713,0.1028402308581667,in_sample
train,prevalence,microbump_open_bridge,653,653,653,94,559,0.1439509954058193,0.41207136353817564,0.12322910632749307,in_sample
train,prevalence,die_crack,653,653,653,36,617,0.055130168453292494,0.21335221421663905,0.052090832979604075,in_sample
train,prevalence,warpage,653,653,653,184,469,0.28177641653905056,0.5946232582176894,0.20237846762146203,in_sample
train,prevalence,underfill_void,653,653,653,156,497,0.23889739663093415,0.5498056436700722,0.1818254305138963,in_sample
train,prevalence,delamination,653,653,653,68,585,0.10413476263399694,0.3340741360411917,0.09329071384515805,in_sample
train,prevalence,macro,653,653,653,671,3900,0.14679501203237802,0.3942585275436595,0.119332110049942,in_sample
train,prevalence,micro,653,653,653,671,3900,0.2305279629031292,0.3942585275436594,0.11933211004994197,in_sample
validation,full,dram_electrical,126,126,126,22,104,0.9945454545454544,0.08704341620887653,0.02076096565637293,development
validation,full,tsv_open_short,126,126,126,14,112,0.692613039981461,0.1750460329586631,0.057394903179204655,development
validation,full,microbump_open_bridge,126,126,126,19,107,0.6783340839504532,0.19104613541452392,0.06522372321821011,development
validation,full,die_crack,126,126,126,5,121,0.061168614988839715,0.17650190845019867,0.04046832868523056,development
validation,full,warpage,126,126,126,28,98,0.5270224871500911,0.3787102356744402,0.12957405175091224,development
validation,full,underfill_void,126,126,126,26,100,0.45665037416048193,0.39779162830559694,0.13775139246577164,development
validation,full,delamination,126,126,126,14,112,0.1640247494377042,0.3387388902097627,0.1007885567945172,development
validation,full,macro,126,126,126,128,754,0.5106226863163551,0.24926832103172317,0.0788517031071742,development
validation,full,micro,126,126,126,128,754,0.64245564392331,0.24926832103172317,0.07885170310717418,development
validation,inspection,dram_electrical,126,126,126,22,104,0.9999999999999998,0.02563350858603895,0.005942542851083328,development
validation,inspection,tsv_open_short,126,126,126,14,112,0.6744760615810123,0.15932462103490028,0.055145256532141924,development
validation,inspection,microbump_open_bridge,126,126,126,19,107,0.7727426785207363,0.16660127894123503,0.05796135817193613,development
validation,inspection,die_crack,126,126,126,5,121,0.09459325396825397,0.15248387104802416,0.0380052609379044,development
validation,inspection,warpage,126,126,126,28,98,0.5977218781060133,0.35774168061997347,0.12347086620058488,development
validation,inspection,underfill_void,126,126,126,26,100,0.6014278904929431,0.3382348738909189,0.11498789802195009,development
validation,inspection,delamination,126,126,126,14,112,0.27167972977225585,0.28655755760631824,0.09002327826974309,development
validation,inspection,macro,126,126,126,128,754,0.5732344989201735,0.2123681988182013,0.06936235156933483,development
validation,inspection,micro,126,126,126,128,754,0.7235510384671399,0.2123681988182013,0.06936235156933483,development
validation,manufacturing,dram_electrical,126,126,126,22,104,0.17020855253581263,0.5250346881807968,0.15499275784245284,development
validation,manufacturing,tsv_open_short,126,126,126,14,112,0.19735703150840384,0.3386405025891638,0.0974793256218798,development
validation,manufacturing,microbump_open_bridge,126,126,126,19,107,0.13715942698264455,0.4585875696158778,0.13581286080817181,development
validation,manufacturing,die_crack,126,126,126,5,121,0.034744152364560445,0.19431294253246392,0.04062127583149676,development
validation,manufacturing,warpage,126,126,126,28,98,0.3039504357665988,0.5338382323262829,0.17660995679818872,development
validation,manufacturing,underfill_void,126,126,126,26,100,0.29680206162961154,0.524006253869189,0.16913579674730359,development
validation,manufacturing,delamination,126,126,126,14,112,0.08633849260943943,0.40831582255447996,0.10921897593628158,development
validation,manufacturing,macro,126,126,126,128,754,0.17522287905672446,0.42610514452403636,0.12626727851225358,development
validation,manufacturing,micro,126,126,126,128,754,0.22121397278373622,0.42610514452403625,0.12626727851225358,development
validation,prevalence,dram_electrical,126,126,126,22,104,0.1746031746031746,0.5011631827116972,0.15174059542729063,development
validation,prevalence,tsv_open_short,126,126,126,14,112,0.1111111111111111,0.3489691879040835,0.0987932556145235,development
validation,prevalence,microbump_open_bridge,126,126,126,19,107,0.15079365079365079,0.4242708237944812,0.12810174760672988,development
validation,prevalence,die_crack,126,126,126,5,121,0.03968253968253968,0.16946009288887182,0.038346464961522324,development
validation,prevalence,warpage,126,126,126,28,98,0.2222222222222222,0.5389003632384394,0.17638620823356604,development
validation,prevalence,underfill_void,126,126,126,26,100,0.20634920634920634,0.5120909483387259,0.16482859607887465,development
validation,prevalence,delamination,126,126,126,14,112,0.1111111111111111,0.34908796449521357,0.09881410153683955,development
validation,prevalence,macro,126,126,126,128,754,0.14512471655328799,0.40627750905307325,0.12243013849419238,development
validation,prevalence,micro,126,126,126,128,754,0.1908520526266062,0.4062775090530732,0.12243013849419235,development
